{"coverImage":"resources/image-0pAkhTw23t.jpg","createdAt":"2025-03-25T13:16:48.750Z","headline":"Explora cómo los recursos y materiales pueden transformar el proceso de enseñanza-aprendizaje.","settings":{"showBrandInFooter":true,"navigationMode":"restricted","showBackdrop":true},"category":"Education","folderId":null,"updatedAt":"2025-03-25T13:16:48.750Z","format":"onepage","teamId":null,"sections":{"qui_TsJR5wqput":{"order":6,"short":"Prueba","blocks":{"d5sCrneq9Q":{"labels":{"Advance":"Avance","PassingScore":"Puntaje de aprobación:","Retry":"Rever","failed":"reprobado","passed":"aprobado","YourScore":"Tu puntuación:","Review":"Revisar","Submit":"Entregar","StartQuiz":"Iniciar prueba","Question":"Pregunta"},"type":"quiz","questions":{"mul_A4i7ZsaMuH":{"choices":{"cho_ALc5b44QOl":{"correct":false,"choice":"Guía de estudio","order":1},"cho_usDoQc1r3h":{"order":3,"correct":true,"choice":"Video educativo"},"cho_mIfgfGNGVO":{"correct":false,"order":2,"choice":"Prueba de evaluación"}},"type":"multiple-choice","order":1,"question":"¿Cuál de los siguientes es un tipo de recurso didáctico?"},"mul_ppNQV4wMMQ":{"order":4,"question":"¿Cuál es una de las principales ventajas de integrar tecnología en el aula?","type":"multiple-choice","choices":{"cho_bVprwBafgO":{"order":1,"correct":false,"choice":"Reduce la participación de los estudiantes"},"cho_dnLXUHcQ6e":{"choice":"Limita la creatividad del docente","order":3,"correct":false},"cho_NwfJ7m4Mic":{"order":2,"choice":"Facilita el acceso a recursos variados","correct":true}}},"mul_HpQwLjFOhE":{"choices":{"cho_5gO56Q8V2X":{"choice":"Plataforma de videoconferencia","order":2,"correct":true},"cho_NbjriwfUnr":{"choice":"Pizarra tradicional","correct":false,"order":3},"cho_MS4ZxbX42I":{"order":1,"choice":"Proyector","correct":false}},"type":"multiple-choice","question":"¿Qué herramienta digital se considera esencial para la enseñanza en línea?","order":2},"mul_7denmHkBiu":{"choices":{"cho_kCcoLjw3xe":{"order":3,"choice":"Ignorar las necesidades de los estudiantes","correct":false},"cho_8sAqiZHZYJ":{"order":2,"choice":"Incluir actividades prácticas","correct":true},"cho_XTyiSl6VyZ":{"correct":false,"order":1,"choice":"Usar solo texto"}},"order":5,"question":"¿Cuál es una estrategia efectiva para diseñar materiales didácticos?","type":"multiple-choice"},"mul_aZvrDR9tU7":{"type":"multiple-choice","question":"¿Qué característica es fundamental en los recursos didácticos?","order":3,"choices":{"cho_FMr9n6iL29":{"correct":false,"order":3,"choice":"Ser de difícil acceso"},"cho_YpHrMjjM0K":{"choice":"Ser interactivos","correct":true,"order":2},"cho_kdEHGo7Ba1":{"choice":"Ser costosos","order":1,"correct":false}}},"mul_TqVDp8AvMH":{"type":"multiple-choice","order":6,"question":"¿Qué aspecto debe considerarse al elegir plataformas educativas?","choices":{"cho_Za6o20pJe8":{"choice":"Publicidad excesiva","order":3,"correct":false},"cho_PReWSCojRO":{"order":1,"choice":"Costo elevado","correct":false},"cho_rvMmLZ0YUm":{"correct":true,"order":2,"choice":"Usabilidad y accesibilidad"}}}},"config":{"showStudentAnswers":true,"advanceOnSubmit":true,"gradedQuiz":true,"randomizeQuestions":true,"cannotProgressWhenFailed":false,"showCorrectAnswers":false,"allowReview":"never","showIntro":false,"allowRetry":"never","showAllQuestionsInPage":true,"showScore":true},"order":1}},"headline":"Comprueba tus conocimientos respondiendo unas preguntas","name":"Prueba","slug":"quiz"},"topic3_yPQJrOOs0L":{"order":3,"name":"3. Recursos Multimedia y Glosario de Términos","short":"Recursos ","blocks":{"5a1X9pmPBV":{"type":"video","order":1,"src":"https://youtu.be/SousryxQKkw?si=WhLhzfBKtQVJrpvA"},"Zlx0H1urVF":{"type":"image","order":2,"src":"resources/image-ELlj2Dn0pf.jpg"},"htm-Bh8Co7VrYI":{"type":"html","order":3,"html":"<h1>Glosario de Términos</h1><div>OVA: Objeto Virtual de Aprendizaje.</div><div><br></div><div>Recursos Didácticos: Herramientas que facilitan la enseñanza y el aprendizaje.</div><div><br></div><div>Evaluación de recursos: Proceso de revisar la efectividad y pertinencia de los materiales educativo</div>"},"hig_Pif8tfFaZF":{"order":4,"content":"<br>","type":"highlight","title":"Conclusión - 3. Recursos Multimedia y Glosario de Términos"}},"slug":"estrategias"},"topic2_CN9VcMqCkZ":{"order":2,"blocks":{"lxlGRPHcaw":{"type":"image","order":1,"src":"resources/image-b9ByyL8QN7.jpeg"},"htm-7Rq1G5UO5R":{"order":2,"type":"html","html":"<h1><br></h1><div><b>Contextualización en el Ámbito Educativo Actual</b></div><div>En el contexto educativo actual, la incorporación de recursos y materiales didácticos y tecnológicos es esencial para mejorar la calidad del proceso de enseñanza-aprendizaje. La globalización y la rápida evolución de la tecnología han transformado la manera en que los estudiantes acceden a la información y cómo los docentes facilitan el conocimiento. Las herramientas digitales, las plataformas en línea y los recursos multimedia se han convertido en elementos clave para enriquecer las experiencias educativas, haciendo el aprendizaje más interactivo, dinámico y accesible.</div><div><br></div><div><b>&nbsp;La Era Digital en la Educación</b></div><div>En la era digital, los estudiantes están cada vez más expuestos a tecnologías que permiten la personalización del aprendizaje. Las plataformas educativas, los videos interactivos, las simulaciones y las herramientas de gamificación, entre otros, han revolucionado la forma de enseñar y aprender. Los recursos tecnológicos permiten a los docentes crear entornos de aprendizaje más flexibles, en los que los estudiantes pueden aprender a su propio ritmo y desde cualquier lugar.</div><div><br></div><div><b>&nbsp;El Rol de los Docentes ante la Tecnología</b></div><div>Los docentes, en este contexto, deben adaptarse a nuevas formas de enseñanza. Sin embargo, esta adaptación trae consigo varios desafíos. La formación continua en el uso de las herramientas tecnológicas, la selección adecuada de los recursos y la capacidad de evaluar estos materiales se vuelven aspectos fundamentales para garantizar su efectividad en el aula. Los docentes ya no solo son transmisores de conocimiento, sino también facilitadores que orientan a los estudiantes en el uso de la tecnología para el aprendizaje.</div><div><br></div><div>&nbsp;<b>Diversidad de Recursos y Materiales</b></div><div>En el ámbito educativo actual, la diversidad de recursos y materiales disponibles es amplia. Desde recursos tradicionales como libros y guías didácticas, hasta recursos digitales como aplicaciones móviles, plataformas educativas en línea, y software especializado. La clave está en seleccionar aquellos que mejor se adapten a las necesidades y características del grupo de estudiantes, permitiendo una enseñanza inclusiva y personalizada.</div><div><br></div><div><b>Desafíos en la Evaluación de Recursos</b></div><div><b><br></b></div><div>Los docentes de nuestro centro enfrentan varios desafíos al seleccionar y evaluar recursos:</div><div><br></div><div>Limitada infraestructura tecnológica: Aunque tenemos acceso a internet y algunos recursos, la falta de equipos adecuados y funcionales dificulta el uso pleno de los recursos digitales.</div><div><br></div><div>Variedad de recursos disponibles: Con la escasez de tecnología en las aulas, los docentes deben ser selectivos al elegir qué recursos utilizar, buscando siempre lo más accesible y relevante.</div><div><br></div><div>Evaluación de calidad: Dada la escasez de recursos tecnológicos en algunas áreas del centro, los docentes deben asegurarse de que los pocos recursos disponibles sean los más efectivos para facilitar el aprendizaje de los estudiantes.</div><div><br></div><div><br></div><div>&nbsp;<b>¿Por qué es necesaria la evaluación de los recursos educativos en el Politécnico San Juan Bautista de La Salle?</b></div><div><b><br></b></div><div>La evaluación de los recursos educativos en el Politécnico es esencial porque:</div><div><br></div><div>Garantiza la efectividad: Los docentes necesitan asegurar que los recursos seleccionados, ya sean tecnológicos o tradicionales, realmente contribuyan al aprendizaje significativo.</div><div><br></div><div>Asegura la relevancia: Evaluar los recursos asegura que los materiales sean pertinentes al nivel y las necesidades de los estudiantes en nuestro centro educativo.</div><div><br></div><div>Optimiza el uso de los recursos: Dado que no siempre contamos con una abundancia de recursos, la evaluación nos permite hacer el mejor uso de lo que tenemos, maximizando su impacto en el aprendizaje.</div><div><br></div><div>Fomenta la innovación: Evaluar y revisar constantemente los recursos disponibles en el Politécnico nos permite buscar nuevas formas de integrar tecnología de manera eficiente.</div><div><br></div>\n<p><br></p>"},"hig_6CvRYje95s":{"title":"Conclusión - 2. Contextualización en el ámbito educativo actual.","content":"<div>En el contexto educativo actual, los recursos y materiales didácticos y tecnológicos juegan un papel fundamental en el proceso de enseñanza-aprendizaje. Ayudan a crear un entorno más dinámico y eficiente, favoreciendo la comprensión de los contenidos por parte de los estudiantes.</div>","order":3,"type":"highlight"}},"name":"2. Importancia de los recursos didácticos y tecnológicos","short":"Contenidos","slug":"tecnologia"},"topic1_K8tudgKLYE":{"slug":"recursos","name":"1. Introducción a los recursos didácticos: Tipos y características","order":1,"blocks":{"hig_c8ypOk9axX":{"content":"Los recursos didácticos son fundamentales en el proceso educativo, favoreciendo la comprensión y motivación del estudiante al facilitar el aprendizaje.","order":2,"title":"Conclusión - 1. Introducción a los recursos didácticos: Tipos y características","type":"highlight"},"htm-JXU2SQ3jm4":{"order":1,"type":"html","html":"<h1>Introducción a los recursos didácticos: Tipos y características</h1>\n<p>La educación se ha visto transformada con el avance de la tecnología y la diversificación de métodos pedagógicos. Dentro de este contexto, los recursos didácticos juegan un papel fundamental en el proceso de enseñanza-aprendizaje, ya que permiten enriquecer y dinamizar las experiencias educativas.</p>\n<h2>Definición de recursos didácticos</h2>\n<p>Los recursos didácticos son materiales y herramientas que se utilizan en el proceso educativo para facilitar el aprendizaje. Estos recursos pueden adoptar diversas formas, desde materiales físicos hasta digitales, y tienen el propósito de apoyar al docente en su labor pedagógica, así como fomentar el protagonismo del estudiante en su propio proceso de aprendizaje.</p>\n<h2>Tipos de recursos didácticos</h2>\n<h3>Recursos físicos</h3>\n<h4>1. Material impreso</h4>\n<p>Los materiales impresos, como libros de texto, guías de estudio, folletos y carteles, son herramientas fundamentales en cualquier aula. Estos recursos pueden contener información teórica, ejercicios prácticos y actividades que estimulan el pensamiento crítico y la comprensión.</p>\n<h4>2. Material audiovisual</h4>\n<p>Los recursos audiovisuales, como videos, presentaciones con diapositivas y documentales, ofrecen una experiencia enriquecedora al combinar imágenes y sonidos. Este tipo de materiales puede facilitar la comprensión de conceptos complejos y captar la atención de los estudiantes de forma más eficaz.</p>\n<h4>3. Manipulativos</h4>\n<p>Los manipulativos son objetos físicos que los estudiantes pueden tocar, mover y manipular. Ejemplos de manipulativos incluyen bloques de construcción, juegos de mesa didácticos y modelos tridimensionales. Estos recursos son especialmente valiosos en la enseñanza de matemáticas y ciencias, ya que ayudan a los estudiantes a entender conceptos abstractos a través de la experiencia práctica.</p>\n<h3>Recursos digitales</h3>\n<h4>1. Plataformas educativas</h4>\n<p>Las plataformas educativas, como Moodle o Google Classroom, permiten la gestión de cursos en línea y ofrecen una amplia variedad de herramientas para facilitar la comunicación y colaboración entre estudiantes y docentes. Estas plataformas son ideales para implementar el aprendizaje a distancia o híbrido.</p>\n<h4>2. Aplicaciones y software educativo</h4>\n<p>Existen numerosas aplicaciones y programas diseñados específicamente para el aprendizaje. Por ejemplo, aplicaciones de matemáticas, idiomas o programación proporcionan actividades interactivas que pueden complementar la enseñanza tradicional. El uso de software educativo puede motivar a los estudiantes y hacer que el aprendizaje sea más atractivo.</p>\n<h4>3. Recursos multimedia</h4>\n<p>El uso de recursos multimedia, como simulaciones, infografías y juegos educativos en línea, permite a los estudiantes interactuar con el contenido de manera dinámica. Estos recursos son especialmente útiles para abordar temas complejos o interdisciplinarios, ya que pueden integrar diferentes tipos de información y formatos en una sola experiencia de aprendizaje.</p>\n<h2>Características de los recursos didácticos</h2>\n<h3>1. Pertinencia</h3>\n<p>Los recursos didácticos deben ser relevantes y adecuados al contexto del contenido que se está enseñando. La pertinencia asegura que los estudiantes puedan relacionar lo aprendido con situaciones de la vida real, lo que facilita la comprensión y el significado del contenido.</p>\n<h3>2. Adaptabilidad</h3>\n<p>Es fundamental que los recursos didácticos sean flexibles y se puedan adaptar a las necesidades específicas de los estudiantes y los objetivos de enseñanza. Esto implica poder modificarlos según el nivel de dificultad, el estilo de aprendizaje y las características del grupo.</p>\n<h3>3. Interactividad</h3>\n<p>Los recursos que fomentan la interacción entre estudiantes y docentes mejoran el proceso de aprendizaje. La interactividad puede manifestarse a través de debates, actividades en grupo o el uso de tecnología que permita la colaboración en línea. Un recurso que estimula la participación activa genera un entorno de aprendizaje más dinámico.</p>\n<h3>4. Accesibilidad</h3>\n<p>La accesibilidad es una característica esencial de los recursos didácticos. Todos los estudiantes, independientemente de sus habilidades o limitaciones, deben poder acceder a los materiales y herramientas utilizados en el aula. Esto implica considerar formatos alternativos y asegurar que el contenido sea inclusivo.</p>\n<h3>5. Actualización</h3>\n<p>Los recursos didácticos deben ser actualizados periódicamente para reflejar nuevos conocimientos, metodologías y tecnologías. La educación está en constante evolución, y los recursos que utilizan información obsoleta pueden desvirtuar el aprendizaje.</p>"}},"short":"Introducción"},"practice":{"short":"Práctica","slug":"practice","name":"Ejercicios Practicos","blocks":{"htm_PJk3jpuCou":{"order":1,"html":"<p>En esta lección, pondremos la teoría en práctica a través de actividades prácticas. Haga clic en los elementos a continuación para verificar cada ejercicio y desarrollar habilidades prácticas que lo ayudarán a tener éxito en el tema.</p>","type":"html"},"lis_xPCh8R2cx1":{"view":"accordion","order":2,"items":{"9zBXvqPgjG":{"content":"Selecciona tres herramientas tecnológicas utilizadas en el aula (por ejemplo, Google Classroom, Kahoot, Edmodo) y evalúa su eficacia. Considera aspectos como la usabilidad, el impacto en el aprendizaje y las opiniones de los usuarios.","order":2,"title":"Evaluación de herramientas tecnológicas"},"G1ebrlr5WV":{"order":3,"content":"Crea un recurso didáctico para una unidad de aprendizaje específica. Debe incluir objetivos de aprendizaje claros, contenido relevante y un formato atractivo. Presenta una breve justificación de las decisiones tomadas en el diseño.","title":"Diseño de un recurso didáctico"},"HjP8P7Tu84":{"order":1,"title":"Clasificación de recursos didácticos","content":"Investiga y clasifica al menos cinco tipos de recursos didácticos que se utilizan en la enseñanza. Describe sus características, ventajas y desventajas en el proceso de aprendizaje."}},"type":"list"}},"headline":"Pongamos en práctica tus conocimientos<div><br></div><div><br></div><div><br></div><div><br></div><div><br></div><div><br></div><div><br></div><div><br></div><div><br></div><div><br></div><div><br></div><div><br></div><div><br></div>","order":4},"wrapup":{"name":"Resumen","slug":"wrapup","blocks":{"lis_447GjRKLy1":{"type":"list","view":"checklist","order":1,"items":{"ite_wtmLGHZw5p":{"title":"1. Introducción a los recursos didácticos: Tipos y características","order":1,"content":"Los recursos didácticos son fundamentales en el proceso educativo, favoreciendo la comprensión y motivación del estudiante al facilitar el aprendizaje."},"ite_lJ4N03y5La":{"title":"3. Estrategias para el diseño y creación de materiales didácticos efectivos","content":"Diseñar materiales didácticos efectivos requiere estrategias bien definidas, que respondan a las necesidades de los alumnos y promuevan una enseñanza activa y participativa.","order":3},"ite_wTfVmzyDB0":{"title":"2. Integración de la tecnología en el aula: Herramientas y plataformas educativas","content":"La integración de tecnología en el aula amplía las posibilidades educativas, ofreciendo herramientas que dinamizan la enseñanza y adaptan el aprendizaje a diferentes estilos.","order":2}}}},"order":5,"short":"Resumen","headline":"Repasemos lo que acabamos de ver hasta ahora"}},"overview":{"title":"Descripción general","content":"Este Objeto Virtual de Aprendizaje (OVA) tiene como objetivo explicar la importancia y utilidad de los recursos y materiales didácticos y tecnológicos en el proceso de enseñanza-aprendizaje. A través de este OVA, se explorarán los desafíos que enfrentan los docentes en la selección y evaluación de estos recursos, así como la necesidad fundamental de evaluar su efectividad para mejorar los resultados educativos. Los contenidos incluyen la identificación de los tipos de recursos, su impacto en el aprendizaje de los estudiantes y estrategias para garantizar que los recursos sean adecuados y eficaces. Al final, los participantes podrán aplicar este conocimiento en su práctica docente, promoviendo un ambiente de aprendizaje más dinámico y enriquecedor."},"viewCount":0,"name":"Importancia y utilidad de los recursos y materiales didácticos y tecnológicos en la enseñanza-aprendizaje en el Politécnico San Juan Bautista de La Salle","keywords":{"keyword2":"Didactic Resources","keyword4":"Learning Materials","keyword5":"Student Engagement","keyword1":"Educational Technology","keyword3":"Teaching Methods"},"version":4,"colorScheme":"orange","languageId":"es-ES","id":"lwOoHgPs5oCf4T5KlCC8","conclusion":{"title":"Conclusión","content":"¡Felicitaciones por completar este curso! Has dado un paso importante para desbloquear todo tu potencial. Completar este curso no se trata solo de adquirir conocimientos; se trata de poner ese conocimiento en práctica y tener un impacto positivo en el mundo que te rodea."},"theme":{"color":"blue","themeType":"solid","fontFamily":{"display":"cabinet","body":"inter"},"backgroundColor":"#FFFFFF","backdropColor":"#F4F4F5"}}