<?xml version="1.0" standalone="no" ?>

<manifest identifier="course-lwOoHgPs5oCf4T5KlCC8" version="1"
   xmlns="http://www.imsproject.org/xsd/imscp_rootv1p1p2"
   xmlns:adlcp="http://www.adlnet.org/xsd/adlcp_rootv1p2"
   xmlns:xsi="http://www.w3.org/2001/XMLSchema-instance" xsi:schemaLocation="http://www.imsproject.org/xsd/imscp_rootv1p1p2 imscp_rootv1p1p2.xsd
                             http://www.imsglobal.org/xsd/imsmd_rootv1p2p1 imsmd_rootv1p2p1.xsd
                             http://www.adlnet.org/xsd/adlcp_rootv1p2 adlcp_rootv1p2.xsd">

   <metadata>
      <schema>ADL SCORM</schema>
      <schemaversion>1.2</schemaversion>
   </metadata>

   <organizations default="default_org">
      <organization identifier="default_org">
         <title>Importancia y utilidad de los recursos y materiales didácticos y tecnológicos en la enseñanza-aprendizaje en el Politécnico San Juan Bautista de La Salle</title>
         <item identifier="item_00" identifierref="resource_00">
            <title>Importancia y utilidad de los recursos y materiales didácticos y tecnológicos en la enseñanza-aprendizaje en el Politécnico San Juan Bautista de La Salle</title>
         </item>
      </organization>
   </organizations>

   <resources>
      <resource identifier="resource_00" type="webcontent" adlcp:scormtype="sco" href="index.html">
         <file href="index.html"/>
      </resource>
   </resources>
</manifest>
